INSERT INTO "t_sys_model_param" ("prm_id", "prvd_id", "modl_id", "user_id", "prm_cd", "prm_val", "val_ecrp") VALUES ('_default_id_1', 'ollama', 'ollama/qwen2', '_default_user_id_', 'base_url', 'http://127.0.0.1:11434', 'N');
INSERT INTO "t_sys_model_prvd_info" ("prvd_id", "prvd_nm", "prvd_desc", "prvd_icon", "modl_typ") VALUES ('deepseek', 'Deepseek', 'DeepSeek is a large language model developed by Beijing DeepSeek AI. It is designed for intelligent conversation scenarios and serves enterprise customers. Based on user input text data, it generates text, code, and other content that meets user requirements through the large language model.', '/static/images/model/deepseek.svg', 'llm');
INSERT INTO "t_sys_model_prvd_info" ("prvd_id", "prvd_nm", "prvd_desc", "prvd_icon", "modl_typ") VALUES ('default', 'KAI', 'KAI is an innovative knowledge base application powered by large language models, providing you with a comprehensive and intelligent solution that makes knowledge management simpler and more efficient.', '/static/images/model/kai.png', 'text-embedding');
INSERT INTO "t_sys_model_prvd_info" ("prvd_id", "prvd_nm", "prvd_desc", "prvd_icon", "modl_typ") VALUES ('moonshot', 'Moonshot', 'Moonshot text generation models (moonshot-v1) are trained to understand natural and written language. They can generate text output based on input. The input to the model is called a prompt. moonshot-v1 models can be used for various tasks including content/code generation, summarization, dialogue, and creative writing.', '/static/images/model/moonshot.png', 'llm');
INSERT INTO "t_sys_model_prvd_info" ("prvd_id", "prvd_nm", "prvd_desc", "prvd_icon", "modl_typ") VALUES ('nvidia', 'Nvidia', 'API Catalog', '/static/images/model/nvidia.png', 'llm,text-embedding,rerank');
INSERT INTO "t_sys_model_prvd_info" ("prvd_id", "prvd_nm", "prvd_desc", "prvd_icon", "modl_typ") VALUES ('ollama', 'Ollama', 'Ollama is a powerful framework designed to deploy LLMs locally. It simplifies the process of deploying and managing LLMs, helping users quickly run large models locally. With simple installation commands, users can run open-source large language models with just one command.', '/static/images/model/ollama.svg', 'llm,text-embedding');
INSERT INTO "t_sys_model_prvd_info" ("prvd_id", "prvd_nm", "prvd_desc", "prvd_icon", "modl_typ") VALUES ('openai', 'OpenAI', 'Models provided by OpenAI, such as GPT-3.5-Turbo and GPT-4.', '/static/images/model/openai.svg', 'llm,text-embedding,tts,speech2text');
INSERT INTO "t_sys_model_prvd_info" ("prvd_id", "prvd_nm", "prvd_desc", "prvd_icon", "modl_typ") VALUES ('tongyi', 'Tongyi Qianwen', 'Tongyi Qianwen is an AI assistant with comprehensive capabilities, designed to help with work, study, and daily life. Features include multi-turn dialogue, content creation, logical reasoning, multimodal understanding, and multilingual support.', '/static/images/model/tongyi.png', 'llm,text-embedding,tts');
INSERT INTO "t_sys_model_prvd_info" ("prvd_id", "prvd_nm", "prvd_desc", "prvd_icon", "modl_typ") VALUES ('zhipuai', 'Zhipu AI', 'Zhipu AI is a company derived from Tsinghua University Computer Science Department, dedicated to building next-generation cognitive intelligence models. They co-developed the bilingual 130B-parameter model GLM-130B and created ChatGLM.', '/static/images/model/zhipuai.svg', 'llm,text-embedding');
INSERT INTO "t_sys_model_prvd_modl" ("prvd_id", "modl_nm", "modl_id", "modl_typ", "modl_icon", "user_id", "built_in") VALUES ('deepseek', 'deepseek-chat', 'deepseek-chat', 'llm', '/static/images/model/deepseek_small.svg', NULL, 'Y');
INSERT INTO "t_sys_model_prvd_modl" ("prvd_id", "modl_nm", "modl_id", "modl_typ", "modl_icon", "user_id", "built_in") VALUES ('deepseek', 'deepseek-coder', 'deepseek-coder', 'llm', '/static/images/model/deepseek_small.svg', NULL, 'Y');
INSERT INTO "t_sys_model_prvd_modl" ("prvd_id", "modl_nm", "modl_id", "modl_typ", "modl_icon", "user_id", "built_in") VALUES ('default', 'm3e/m3e-small', 'default/m3e-small', 'text-embedding', '/static/images/model/kai_small.png', NULL, 'Y');
INSERT INTO "t_sys_model_prvd_modl" ("prvd_id", "modl_nm", "modl_id", "modl_typ", "modl_icon", "user_id", "built_in") VALUES ('moonshot', 'moonshot-v1-128k', 'moonshot-v1-128k', 'llm', '/static/images/model/moonshot_small.png', NULL, 'Y');
INSERT INTO "t_sys_model_prvd_modl" ("prvd_id", "modl_nm", "modl_id", "modl_typ", "modl_icon", "user_id", "built_in") VALUES ('moonshot', 'moonshot-v1-32k', 'moonshot-v1-32k', 'llm', '/static/images/model/moonshot_small.png', NULL, 'Y');
INSERT INTO "t_sys_model_prvd_modl" ("prvd_id", "modl_nm", "modl_id", "modl_typ", "modl_icon", "user_id", "built_in") VALUES ('moonshot', 'moonshot-v1-8k', 'moonshot-v1-8k', 'llm', '/static/images/model/moonshot_small.png', NULL, 'Y');
INSERT INTO "t_sys_model_prvd_modl" ("prvd_id", "modl_nm", "modl_id", "modl_typ", "modl_icon", "user_id", "built_in") VALUES ('nvidia', 'meta/llama-3.1-405b-instruct', 'nvidia/llama-3.1-405b-instruct', 'llm', '/static/images/model/nvidia_small.svg', NULL, 'Y');
INSERT INTO "t_sys_model_prvd_modl" ("prvd_id", "modl_nm", "modl_id", "modl_typ", "modl_icon", "user_id", "built_in") VALUES ('nvidia', 'mistralai/mistral-large-2-instruct', 'nvidia/mistral-large-2-instruct', 'llm', '/static/images/model/nvidia_small.svg', NULL, 'Y');
INSERT INTO "t_sys_model_prvd_modl" ("prvd_id", "modl_nm", "modl_id", "modl_typ", "modl_icon", "user_id", "built_in") VALUES ('nvidia', 'nvidia/nemotron-4-340b-instruct', 'nvidia/nemotron-4-340b-instruct', 'llm', '/static/images/model/nvidia_small.svg', NULL, 'Y');
INSERT INTO "t_sys_model_prvd_modl" ("prvd_id", "modl_nm", "modl_id", "modl_typ", "modl_icon", "user_id", "built_in") VALUES ('ollama', 'llama3.1', 'ollama/llama3.1', 'llm', '/static/images/model/ollama_small.svg', NULL, 'Y');
INSERT INTO "t_sys_model_prvd_modl" ("prvd_id", "modl_nm", "modl_id", "modl_typ", "modl_icon", "user_id", "built_in") VALUES ('ollama', 'nomic-embed-text', 'ollama/nomic-embed-text', 'text-embedding', '/static/images/model/ollama_small.svg', NULL, 'Y');
INSERT INTO "t_sys_model_prvd_modl" ("prvd_id", "modl_nm", "modl_id", "modl_typ", "modl_icon", "user_id", "built_in") VALUES ('ollama', 'qwen2', 'ollama/qwen2', 'llm', '/static/images/model/ollama_small.svg', NULL, 'Y');
INSERT INTO "t_sys_model_prvd_modl" ("prvd_id", "modl_nm", "modl_id", "modl_typ", "modl_icon", "user_id", "built_in") VALUES ('tongyi', 'qwen-max', 'qwen-max', 'llm', '/static/images/model/tongyi_small.png', NULL, 'Y');
INSERT INTO "t_sys_model_prvd_modl" ("prvd_id", "modl_nm", "modl_id", "modl_typ", "modl_icon", "user_id", "built_in") VALUES ('tongyi', 'qwen-max-0403', 'qwen-max-0403', 'llm', '/static/images/model/tongyi_small.png', NULL, 'Y');
INSERT INTO "t_sys_model_prvd_modl" ("prvd_id", "modl_nm", "modl_id", "modl_typ", "modl_icon", "user_id", "built_in") VALUES ('tongyi', 'qwen-max-1201', 'qwen-max-1201', 'llm', '/static/images/model/tongyi_small.png', NULL, 'Y');
INSERT INTO "t_sys_model_prvd_modl" ("prvd_id", "modl_nm", "modl_id", "modl_typ", "modl_icon", "user_id", "built_in") VALUES ('tongyi', 'qwen-max-longcontext', 'qwen-max-longcontext', 'llm', '/static/images/model/tongyi_small.png', NULL, 'Y');
INSERT INTO "t_sys_model_prvd_modl" ("prvd_id", "modl_nm", "modl_id", "modl_typ", "modl_icon", "user_id", "built_in") VALUES ('tongyi', 'qwen-plus', 'qwen-plus', 'llm', '/static/images/model/tongyi_small.png', NULL, 'Y');
INSERT INTO "t_sys_model_prvd_modl" ("prvd_id", "modl_nm", "modl_id", "modl_typ", "modl_icon", "user_id", "built_in") VALUES ('tongyi', 'qwen-plus-chat', 'qwen-plus-chat', 'llm', '/static/images/model/tongyi_small.png', NULL, 'Y');
INSERT INTO "t_sys_model_prvd_modl" ("prvd_id", "modl_nm", "modl_id", "modl_typ", "modl_icon", "user_id", "built_in") VALUES ('tongyi', 'qwen-turbo', 'qwen-turbo', 'llm', '/static/images/model/tongyi_small.png', NULL, 'Y');
INSERT INTO "t_sys_model_prvd_modl" ("prvd_id", "modl_nm", "modl_id", "modl_typ", "modl_icon", "user_id", "built_in") VALUES ('tongyi', 'qwen-turbo-chat', 'qwen-turbo-chat', 'llm', '/static/images/model/tongyi_small.png', NULL, 'Y');
INSERT INTO "t_sys_model_prvd_modl" ("prvd_id", "modl_nm", "modl_id", "modl_typ", "modl_icon", "user_id", "built_in") VALUES ('tongyi', 'qwen-vl-max', 'qwen-vl-max', 'llm', '/static/images/model/tongyi_small.png', NULL, 'Y');
INSERT INTO "t_sys_model_prvd_modl" ("prvd_id", "modl_nm", "modl_id", "modl_typ", "modl_icon", "user_id", "built_in") VALUES ('tongyi', 'qwen-vl-plus', 'qwen-vl-plus', 'llm', '/static/images/model/tongyi_small.png', NULL, 'Y');
INSERT INTO "t_sys_model_prvd_modl" ("prvd_id", "modl_nm", "modl_id", "modl_typ", "modl_icon", "user_id", "built_in") VALUES ('tongyi', 'text-embedding-v1', 'tongyi/text-embedding-v1', 'text-embedding', '/static/images/model/tongyi_small.png', NULL, 'Y');
INSERT INTO "t_sys_model_prvd_modl" ("prvd_id", "modl_nm", "modl_id", "modl_typ", "modl_icon", "user_id", "built_in") VALUES ('tongyi', 'text-embedding-v2', 'tongyi/text-embedding-v2', 'text-embedding', '/static/images/model/tongyi_small.png', NULL, 'Y');
INSERT INTO "t_sys_model_prvd_modl" ("prvd_id", "modl_nm", "modl_id", "modl_typ", "modl_icon", "user_id", "built_in") VALUES ('tongyi', 'tts-1', 'tongyi/tts-1', 'tts', '/static/images/model/tongyi_small.png', NULL, 'Y');
INSERT INTO "t_sys_model_prvd_modl" ("prvd_id", "modl_nm", "modl_id", "modl_typ", "modl_icon", "user_id", "built_in") VALUES ('zhipuai', 'embedding-2', 'zhipuai/embedding-2', 'text-embedding', '/static/images/model/zhipuai_small.svg', NULL, 'Y');
INSERT INTO "t_sys_model_prvd_modl" ("prvd_id", "modl_nm", "modl_id", "modl_typ", "modl_icon", "user_id", "built_in") VALUES ('zhipuai', 'embedding-3', 'zhipuai/embedding-3', 'text-embedding', '/static/images/model/zhipuai_small.svg', NULL, 'Y');
INSERT INTO "t_sys_model_prvd_modl" ("prvd_id", "modl_nm", "modl_id", "modl_typ", "modl_icon", "user_id", "built_in") VALUES ('zhipuai', 'glm-4-flash', 'zhipuai/glm-4-flash', 'llm', '/static/images/model/zhipuai_small.svg', NULL, 'Y');
INSERT INTO "t_sys_model_prvd_modl" ("prvd_id", "modl_nm", "modl_id", "modl_typ", "modl_icon", "user_id", "built_in") VALUES ('zhipuai', 'glm-4-long', 'zhipuai/glm-4-long', 'llm', '/static/images/model/zhipuai_small.svg', NULL, 'Y');
INSERT INTO "t_sys_model_prvd_modl" ("prvd_id", "modl_nm", "modl_id", "modl_typ", "modl_icon", "user_id", "built_in") VALUES ('zhipuai', 'glm-4-plus', 'zhipuai/glm-4-plus', 'llm', '/static/images/model/zhipuai_small.svg', NULL, 'Y');
INSERT INTO "t_sys_model_prvd_param" ("prvd_id", "prm_cd", "prm_nm", "prm_desc", "dft_val", "prm_lvl", "modl_typ", "prm_odr", "not_null", "opt_vals", "req_ecrp") VALUES ('deepseek', 'api_key', 'API KEY', NULL, NULL, 'prvd', NULL, 1, 'Y', NULL, 'Y');
INSERT INTO "t_sys_model_prvd_param" ("prvd_id", "prm_cd", "prm_nm", "prm_desc", "dft_val", "prm_lvl", "modl_typ", "prm_odr", "not_null", "opt_vals", "req_ecrp") VALUES ('moonshot', 'api_key', 'API KEY', NULL, NULL, 'prvd', NULL, 1, 'Y', NULL, 'Y');
INSERT INTO "t_sys_model_prvd_param" ("prvd_id", "prm_cd", "prm_nm", "prm_desc", "dft_val", "prm_lvl", "modl_typ", "prm_odr", "not_null", "opt_vals", "req_ecrp") VALUES ('nvidia', 'api_key', 'API KEY', NULL, NULL, 'prvd', NULL, 1, 'Y', NULL, 'Y');
INSERT INTO "t_sys_model_prvd_param" ("prvd_id", "prm_cd", "prm_nm", "prm_desc", "dft_val", "prm_lvl", "modl_typ", "prm_odr", "not_null", "opt_vals", "req_ecrp") VALUES ('openai', 'api_key', 'API KEY', NULL, NULL, 'prvd', NULL, 1, 'Y', NULL, 'Y');
INSERT INTO "t_sys_model_prvd_param" ("prvd_id", "prm_cd", "prm_nm", "prm_desc", "dft_val", "prm_lvl", "modl_typ", "prm_odr", "not_null", "opt_vals", "req_ecrp") VALUES ('tongyi', 'api_key', 'API KEY', NULL, NULL, 'prvd', NULL, 1, 'Y', NULL, 'Y');
INSERT INTO "t_sys_model_prvd_param" ("prvd_id", "prm_cd", "prm_nm", "prm_desc", "dft_val", "prm_lvl", "modl_typ", "prm_odr", "not_null", "opt_vals", "req_ecrp") VALUES ('zhipuai', 'api_key', 'API KEY', NULL, NULL, 'prvd', NULL, 1, 'Y', NULL, 'Y');
INSERT INTO "t_sys_model_prvd_param" ("prvd_id", "prm_cd", "prm_nm", "prm_desc", "dft_val", "prm_lvl", "modl_typ", "prm_odr", "not_null", "opt_vals", "req_ecrp") VALUES ('ollama', 'base_url', 'BASE URL', NULL, 'http://127.0.0.1:11434', 'both', NULL, 1, 'Y', NULL, 'N');
INSERT INTO "t_sys_model_prvd_param" ("prvd_id", "prm_cd", "prm_nm", "prm_desc", "dft_val", "prm_lvl", "modl_typ", "prm_odr", "not_null", "opt_vals", "req_ecrp") VALUES ('ollama', 'context_len', 'Context Length', NULL, '4096', 'modl', NULL, 1, 'Y', NULL, 'N');
INSERT INTO "t_sys_model_prvd_param" ("prvd_id", "prm_cd", "prm_nm", "prm_desc", "dft_val", "prm_lvl", "modl_typ", "prm_odr", "not_null", "opt_vals", "req_ecrp") VALUES ('ollama', 'max_token', 'Max Token Limit', NULL, '4096', 'modl', NULL, 2, 'Y', NULL, 'N');
INSERT INTO "t_sys_model_prvd_param" ("prvd_id", "prm_cd", "prm_nm", "prm_desc", "dft_val", "prm_lvl", "modl_typ", "prm_odr", "not_null", "opt_vals", "req_ecrp") VALUES ('default', 'model_dir', 'Model Directory', NULL, './resources/model', 'both', NULL, 1, 'Y', NULL, 'N');
